{"max_fps":60,"window":{"width":1264.39501953125,"height":829.75799560546875,"brightness":1}}