{"max_fps":76,"window":{"width":1297.1929931640625,"height":763.28900146484375,"brightness":1}}